episode,total_reward,steps,solved,avg_loss,epsilon
1,-1062.75,1024,0,0.0000,0.9970
2,-1118.25,1024,0,0.0000,0.9940
3,-1050.25,1024,0,0.0000,0.9910
4,-1059.25,1024,0,0.0000,0.9881
5,-685.25,805,1,0.0000,0.9851
6,-239.75,392,1,0.0000,0.9821
7,-1130.00,1024,0,0.0000,0.9792
8,-737.75,781,1,0.0000,0.9763
9,-1111.00,1024,0,0.0000,0.9733
10,-754.75,860,1,0.0000,0.9704
11,-1123.25,1024,0,0.0000,0.9675
12,-1061.25,1024,0,0.0000,0.9646
13,-510.50,622,1,0.0000,0.9617
14,-1186.25,1024,0,0.0000,0.9588
15,-466.00,551,1,0.0000,0.9559
16,-1197.75,1024,0,0.0000,0.9531
17,-603.75,689,1,0.0000,0.9502
18,-1142.25,1024,0,0.0000,0.9474
19,-1035.00,1024,0,0.0000,0.9445
20,-1182.50,1024,0,0.0000,0.9417
21,-553.75,609,1,0.0000,0.9389
22,-1189.00,1024,0,0.0000,0.9360
23,-1169.75,1024,0,0.0000,0.9332
24,-278.25,387,1,0.0000,0.9304
25,-593.25,739,1,0.0000,0.9276
26,-1048.50,1024,0,0.0000,0.9249
27,-1328.50,1024,0,0.0000,0.9221
28,-1159.75,1024,0,0.0000,0.9193
29,-1096.75,1024,0,0.0000,0.9166
30,-1171.50,1024,0,0.0000,0.9138
31,-1101.50,1024,0,0.0000,0.9111
32,-1147.75,1024,0,0.0000,0.9083
33,-914.50,932,1,0.0000,0.9056
34,-1081.00,1024,0,0.0000,0.9029
35,-181.75,304,1,0.0000,0.9002
36,-947.00,936,1,0.0000,0.8975
37,-1246.00,1024,0,0.0000,0.8948
38,-23.00,164,1,0.0000,0.8921
39,-1274.25,1024,0,0.0000,0.8894
40,-17.25,165,1,0.0000,0.8868
41,-643.00,707,1,0.0000,0.8841
42,-303.50,411,1,0.0000,0.8814
43,-1268.75,1024,0,0.0000,0.8788
44,-239.25,390,1,0.0000,0.8762
45,-1200.25,1024,0,0.0000,0.8735
46,-1274.50,1024,0,0.0000,0.8709
47,-782.50,892,1,0.0000,0.8683
48,-1291.50,1024,0,0.0000,0.8657
49,-1134.00,1024,0,0.0000,0.8631
50,-1285.50,1024,0,0.0000,0.8605
51,-383.25,475,1,0.0000,0.8579
52,-1260.25,1024,0,0.0000,0.8554
53,-1261.75,1024,0,0.0000,0.8528
54,-1313.50,1024,0,0.0000,0.8502
55,-1104.75,995,1,0.0000,0.8477
56,-1292.00,1024,0,0.0000,0.8451
57,-633.50,694,1,0.0000,0.8426
58,-1262.75,1024,0,0.0000,0.8401
59,-694.00,682,1,0.0000,0.8376
60,-159.50,267,1,0.0000,0.8350
61,-1221.25,1024,0,0.0000,0.8325
62,-1286.50,1024,0,0.0000,0.8300
63,-322.75,462,1,0.0000,0.8276
64,-500.50,555,1,0.0000,0.8251
65,-1294.25,1024,0,0.0000,0.8226
66,-1327.25,1024,0,0.0000,0.8201
67,-1273.50,1024,0,0.0000,0.8177
68,-1294.00,1024,0,0.0000,0.8152
69,-1371.00,1024,0,0.0000,0.8128
70,-1269.00,1024,0,0.0000,0.8103
71,-1299.00,1024,0,0.0000,0.8079
72,-488.50,546,1,0.0000,0.8055
73,-1219.25,1024,0,0.0000,0.8031
74,-1235.75,1024,0,0.0000,0.8006
75,-1305.50,1024,0,0.0000,0.7982
76,-1304.25,1024,0,0.0000,0.7959
77,-1254.75,1024,0,0.0000,0.7935
78,-101.00,271,1,0.0000,0.7911
79,-1275.00,1024,0,0.0000,0.7887
80,-458.50,546,1,0.0000,0.7863
81,-881.25,824,1,0.0000,0.7840
82,-1307.25,1024,0,0.0000,0.7816
83,-385.25,480,1,0.0000,0.7793
84,-1360.00,1024,0,0.0000,0.7770
85,-1309.25,1024,0,0.0000,0.7746
86,-1350.50,1024,0,0.0000,0.7723
87,-1295.25,1024,0,0.0000,0.7700
88,-217.25,325,1,0.0000,0.7677
89,-1328.75,1024,0,0.0000,0.7654
90,-1323.25,1024,0,0.0000,0.7631
91,-1156.25,1012,1,0.0000,0.7608
92,-1393.50,1024,0,0.0000,0.7585
93,-1332.00,1024,0,0.0000,0.7562
94,-1380.00,1024,0,0.0000,0.7540
95,-1359.75,1024,0,0.0000,0.7517
96,-969.50,898,1,0.0000,0.7494
97,-1372.25,1024,0,0.0000,0.7472
98,-66.50,179,1,0.0000,0.7449
99,-1403.00,1024,0,0.0000,0.7427
100,-1399.00,1024,0,0.0000,0.7405
101,-1204.25,1024,0,0.0000,0.7383
102,-213.75,330,1,0.0000,0.7360
103,-1381.00,1024,0,0.0000,0.7338
104,-1377.00,1024,0,0.0000,0.7316
105,-1343.25,1024,0,0.0000,0.7294
106,-1291.50,1024,0,0.0000,0.7273
107,-1315.00,1024,0,0.0000,0.7251
108,-1400.75,1024,0,0.0000,0.7229
109,-1314.00,1024,0,0.0000,0.7207
110,-1384.50,1024,0,0.0000,0.7186
111,-1338.00,1024,0,0.0000,0.7164
112,-88.00,227,1,0.0000,0.7143
113,-1399.75,1024,0,0.0000,0.7121
114,-1398.50,1024,0,0.0000,0.7100
115,-1411.00,1024,0,0.0000,0.7079
116,-1378.25,1024,0,0.0000,0.7057
117,-1320.00,1024,0,0.0000,0.7036
118,-1291.50,1024,0,0.0000,0.7015
119,-1339.50,1024,0,0.0000,0.6994
120,-1355.75,1024,0,0.0000,0.6973
121,-1384.25,1024,0,0.0000,0.6952
122,-1304.75,1024,0,0.0000,0.6931
123,-1386.50,1024,0,0.0000,0.6910
124,-1384.25,1024,0,0.0000,0.6890
125,-1375.50,1024,0,0.0000,0.6869
126,-1426.25,1024,0,0.0000,0.6848
127,-1423.00,1024,0,0.0000,0.6828
128,-1323.25,1024,0,0.0000,0.6807
129,-1355.25,1024,0,0.0000,0.6787
130,-1391.25,1024,0,0.0000,0.6767
131,-1422.25,1024,0,0.0000,0.6746
132,-1435.75,1024,0,0.0000,0.6726
133,-1398.50,1024,0,0.0000,0.6706
134,-41.75,172,1,0.0000,0.6686
135,-121.00,220,1,0.0000,0.6666
136,-1408.50,1024,0,0.0000,0.6646
137,-1398.00,1024,0,0.0000,0.6626
138,-1421.75,1024,0,0.0000,0.6606
139,-1416.75,1024,0,0.0000,0.6586
140,-1417.00,1024,0,0.0000,0.6566
141,-1440.00,1024,0,0.0000,0.6547
142,-1350.75,1024,0,0.0000,0.6527
143,-1393.50,1024,0,0.0000,0.6507
144,-554.75,506,1,0.0000,0.6488
145,-1389.25,1024,0,0.0000,0.6468
146,-1349.75,1024,0,0.0000,0.6449
147,-1435.50,1024,0,0.0000,0.6430
148,-1408.50,1024,0,0.0000,0.6410
149,-1425.00,1024,0,0.0000,0.6391
150,-1454.50,1024,0,0.0000,0.6372
151,-1446.00,1024,0,0.0000,0.6353
152,-1394.00,1024,0,0.0000,0.6334
153,-1372.25,1024,0,0.0000,0.6315
154,-1371.25,1024,0,0.0000,0.6296
155,-534.50,504,1,0.0000,0.6277
156,-1441.75,1024,0,0.0000,0.6258
157,-1410.00,1024,0,0.0000,0.6239
158,-1416.50,1024,0,0.0000,0.6221
159,-1432.25,1024,0,0.0000,0.6202
160,-1418.25,1024,0,0.0000,0.6183
161,-1452.25,1024,0,0.0000,0.6165
162,-1251.00,1019,1,0.0000,0.6146
163,-1422.00,1024,0,0.0000,0.6128
164,-1434.75,1024,0,0.0000,0.6110
165,-1424.25,1024,0,0.0000,0.6091
166,-1436.25,1024,0,0.0000,0.6073
167,-1435.25,1024,0,0.0000,0.6055
168,-1425.75,1024,0,0.0000,0.6037
169,-1406.50,1024,0,0.0000,0.6018
170,-1480.00,1024,0,0.0000,0.6000
171,-399.75,426,1,0.0000,0.5982
172,-1416.00,1024,0,0.0000,0.5964
173,-1409.75,1024,0,0.0000,0.5947
174,-1419.75,1024,0,0.0000,0.5929
175,-1409.50,1024,0,0.0000,0.5911
176,-495.00,496,1,0.0000,0.5893
177,-1465.25,1024,0,0.0000,0.5875
178,-1457.25,1024,0,0.0000,0.5858
179,-1422.50,1024,0,0.0000,0.5840
180,-1420.75,1024,0,0.0000,0.5823
181,-1406.00,1024,0,0.0000,0.5805
182,-1378.50,1024,0,0.0000,0.5788
183,-1425.50,1024,0,0.0000,0.5771
184,-1454.00,1024,0,0.0000,0.5753
185,-1441.75,1024,0,0.0000,0.5736
186,-1359.75,1024,0,0.0000,0.5719
187,-1395.75,1024,0,0.0000,0.5702
188,-92.00,175,1,0.0000,0.5684
189,-1399.25,1024,0,0.0000,0.5667
190,-1454.25,1024,0,0.0000,0.5650
191,-1479.00,1024,0,0.0000,0.5633
192,-1475.75,1024,0,0.0000,0.5617
193,-1436.00,1024,0,0.0000,0.5600
194,-1463.75,1024,0,0.0000,0.5583
195,-1456.25,1024,0,0.0000,0.5566
196,-1426.25,1024,0,0.0000,0.5549
197,-826.75,691,1,0.0000,0.5533
198,-1483.50,1024,0,0.0000,0.5516
199,-1441.00,1024,0,0.0000,0.5500
200,-1368.00,1024,0,0.0000,0.5483
201,-1475.00,1024,0,0.0000,0.5467
202,-1485.75,1024,0,0.0000,0.5450
203,-1465.00,1024,0,0.0000,0.5434
204,-1435.50,1024,0,0.0000,0.5418
205,-1458.50,1024,0,0.0000,0.5401
206,-1468.75,1024,0,0.0000,0.5385
207,-446.00,426,1,0.0000,0.5369
208,-1435.00,1024,0,0.0000,0.5353
209,-1454.00,1024,0,0.0000,0.5337
210,-1496.00,1024,0,0.0000,0.5321
211,-1452.25,1024,0,0.0000,0.5305
212,-1433.25,1024,0,0.0000,0.5289
213,-1478.25,1024,0,0.0000,0.5273
214,-1449.75,1024,0,0.0000,0.5257
215,-1439.75,1024,0,0.0000,0.5242
216,-1474.00,1024,0,0.0000,0.5226
217,-1475.50,1024,0,0.0000,0.5210
218,-1499.25,1024,0,0.0000,0.5195
219,-1469.75,1024,0,0.0000,0.5179
220,-1483.75,1024,0,0.0000,0.5163
221,-1451.00,1024,0,0.0000,0.5148
222,-1475.00,1024,0,0.0000,0.5132
223,-1466.75,1024,0,0.0000,0.5117
224,-1499.50,1024,0,0.0000,0.5102
225,-1464.00,1024,0,0.0000,0.5086
226,-1479.50,1024,0,0.0000,0.5071
227,-1448.00,1024,0,0.0000,0.5056
228,-1431.75,1024,0,0.0000,0.5041
229,-1501.25,1024,0,0.0000,0.5026
230,-1515.25,1024,0,0.0000,0.5011
231,-1101.50,890,1,0.0000,0.4996
232,-1474.25,1024,0,0.0000,0.4981
233,-1468.00,1024,0,0.0000,0.4966
234,-1492.00,1024,0,0.0000,0.4951
235,-1490.00,1024,0,0.0000,0.4936
236,-1510.50,1024,0,0.0000,0.4921
237,-1465.00,1024,0,0.0000,0.4906
238,-1448.75,1024,0,0.0000,0.4892
239,-1455.75,1024,0,0.0000,0.4877
240,-1483.00,1024,0,0.0000,0.4862
241,-1470.25,1024,0,0.0000,0.4848
242,-1524.50,1024,0,0.0000,0.4833
243,-1503.25,1024,0,0.0000,0.4819
244,-1496.00,1024,0,0.0000,0.4804
245,-1503.75,1024,0,0.0000,0.4790
246,-1507.50,1024,0,0.0000,0.4775
247,-1495.25,1024,0,0.0000,0.4761
248,-1513.25,1024,0,0.0000,0.4747
249,-1507.50,1024,0,0.0000,0.4733
250,-1477.25,1024,0,0.0000,0.4718
251,-1481.25,1024,0,0.0000,0.4704
252,-1482.75,1024,0,0.0000,0.4690
253,-1494.75,1024,0,0.0000,0.4676
254,-1453.50,1024,0,0.0000,0.4662
255,-1495.00,1024,0,0.0000,0.4648
256,-1508.50,1024,0,0.0000,0.4634
257,-1525.00,1024,0,0.0000,0.4620
258,-1512.50,1024,0,0.0000,0.4606
259,-1530.75,1024,0,0.0000,0.4592
260,-1486.00,1024,0,0.0000,0.4579
261,-1495.75,1024,0,0.0000,0.4565
262,-1506.50,1024,0,0.0000,0.4551
263,-1528.25,1024,0,0.0000,0.4538
264,-1527.75,1024,0,0.0000,0.4524
265,-1511.50,1024,0,0.0000,0.4510
266,-1522.50,1024,0,0.0000,0.4497
267,-1509.00,1024,0,0.0000,0.4483
268,-1442.50,1024,0,0.0000,0.4470
269,-1516.25,1024,0,0.0000,0.4457
270,-1524.75,1024,0,0.0000,0.4443
271,-1519.50,1024,0,0.0000,0.4430
272,-1020.25,786,1,0.0000,0.4417
273,-1542.25,1024,0,0.0000,0.4403
274,-1501.25,1024,0,0.0000,0.4390
275,-517.50,448,1,0.0000,0.4377
276,-1503.75,1024,0,0.0000,0.4364
277,-1522.75,1024,0,0.0000,0.4351
278,-1480.50,1024,0,0.0000,0.4338
279,-1527.25,1024,0,0.0000,0.4325
280,-1452.50,1024,0,0.0000,0.4312
281,-1517.50,1024,0,0.0000,0.4299
282,-1491.00,1024,0,0.0000,0.4286
283,-1487.25,1024,0,0.0000,0.4273
284,-1513.75,1024,0,0.0000,0.4260
285,-1537.75,1024,0,0.0000,0.4247
286,-1500.00,1024,0,0.0000,0.4235
287,-1539.00,1024,0,0.0000,0.4222
288,-1490.25,1024,0,0.0000,0.4209
289,-1508.25,1024,0,0.0000,0.4197
290,-1489.25,1024,0,0.0000,0.4184
291,-1524.75,1024,0,0.0000,0.4171
292,-1531.75,1024,0,0.0000,0.4159
293,-1494.25,1024,0,0.0000,0.4146
294,-1541.50,1024,0,0.0000,0.4134
295,-1526.00,1024,0,0.0000,0.4122
296,-1547.75,1024,0,0.0000,0.4109
297,-1509.75,1024,0,0.0000,0.4097
298,-1520.75,1024,0,0.0000,0.4085
299,-1536.25,1024,0,0.0000,0.4072
300,-1536.50,1024,0,0.0000,0.4060
301,-1532.25,1024,0,0.0000,0.4048
302,-1494.00,1024,0,0.0000,0.4036
303,-1480.50,1024,0,0.0000,0.4024
304,-1528.50,1024,0,0.0000,0.4012
305,-1540.25,1024,0,0.0000,0.4000
306,-1532.25,1024,0,0.0000,0.3988
307,-1534.00,1024,0,0.0000,0.3976
308,-1536.00,1024,0,0.0000,0.3964
309,-1565.50,1024,0,0.0000,0.3952
310,-1560.75,1024,0,0.0000,0.3940
311,-1512.50,1024,0,0.0000,0.3928
312,-1516.50,1024,0,0.0000,0.3916
313,-1486.25,1024,0,0.0000,0.3905
314,-33.75,133,1,0.0000,0.3893
315,-1541.50,1024,0,0.0000,0.3881
316,-1521.75,1024,0,0.0000,0.3870
317,-1531.25,1024,0,0.0000,0.3858
318,-1538.00,1024,0,0.0000,0.3846
319,-1546.75,1024,0,0.0000,0.3835
320,-1534.75,1024,0,0.0000,0.3823
321,-1550.00,1024,0,0.0000,0.3812
322,-1525.50,1024,0,0.0000,0.3801
323,-1548.00,1024,0,0.0000,0.3789
324,-1542.75,1024,0,0.0000,0.3778
325,-1556.25,1024,0,0.0000,0.3766
326,-1534.00,1024,0,0.0000,0.3755
327,-1541.00,1024,0,0.0000,0.3744
328,-1533.50,1024,0,0.0000,0.3733
329,-1534.25,1024,0,0.0000,0.3721
330,-1542.00,1024,0,0.0000,0.3710
331,-1546.25,1024,0,0.0000,0.3699
332,-1563.00,1024,0,0.0000,0.3688
333,-1496.50,1024,0,0.0000,0.3677
334,-1530.75,1024,0,0.0000,0.3666
335,-1535.25,1024,0,0.0000,0.3655
336,-1523.25,1024,0,0.0000,0.3644
337,-1566.00,1024,0,0.0000,0.3633
338,-1566.00,1024,0,0.0000,0.3622
339,-1564.50,1024,0,0.0000,0.3611
340,-1573.75,1024,0,0.0000,0.3600
341,-1537.50,1024,0,0.0000,0.3590
342,-761.25,605,1,0.0000,0.3579
343,-1537.00,1024,0,0.0000,0.3568
344,-1527.00,1024,0,0.0000,0.3557
345,-1559.25,1024,0,0.0000,0.3547
346,-1559.25,1024,0,0.0000,0.3536
347,-1576.00,1024,0,0.0000,0.3525
348,-1535.50,1024,0,0.0000,0.3515
349,-1536.50,1024,0,0.0000,0.3504
350,-1493.00,1024,0,0.0000,0.3494
351,-1555.50,1024,0,0.0000,0.3483
352,-1555.50,1024,0,0.0000,0.3473
353,-404.00,377,1,0.0000,0.3463
354,-1568.25,1024,0,0.0000,0.3452
355,-1546.50,1024,0,0.0000,0.3442
356,-1545.25,1024,0,0.0000,0.3431
357,-1533.75,1024,0,0.0000,0.3421
358,-1507.75,1024,0,0.0000,0.3411
359,-1576.50,1024,0,0.0000,0.3401
360,-1542.00,1024,0,0.0000,0.3390
361,-1568.50,1024,0,0.0000,0.3380
362,-1532.25,1024,0,0.0000,0.3370
363,-1588.50,1024,0,0.0000,0.3360
364,-1537.00,1024,0,0.0000,0.3350
365,-1567.75,1024,0,0.0000,0.3340
366,-1547.75,1024,0,0.0000,0.3330
367,-1554.25,1024,0,0.0000,0.3320
368,-1582.00,1024,0,0.0000,0.3310
369,-1589.00,1024,0,0.0000,0.3300
370,-1573.25,1024,0,0.0000,0.3290
371,-1570.75,1024,0,0.0000,0.3280
372,-1554.50,1024,0,0.0000,0.3270
373,-1579.00,1024,0,0.0000,0.3261
374,-1587.75,1024,0,0.0000,0.3251
375,-1574.00,1024,0,0.0000,0.3241
376,-1565.50,1024,0,0.0000,0.3231
377,-1534.75,1024,0,0.0000,0.3222
378,-1562.25,1024,0,0.0000,0.3212
379,-1580.50,1024,0,0.0000,0.3202
380,-1554.75,1024,0,0.0000,0.3193
381,-824.75,641,1,0.0000,0.3183
382,-1574.00,1024,0,0.0000,0.3174
383,-1545.50,1024,0,0.0000,0.3164
384,-1569.00,1024,0,0.0000,0.3155
385,-1578.50,1024,0,0.0000,0.3145
386,-1579.25,1024,0,0.0000,0.3136
387,-1566.25,1024,0,0.0000,0.3126
388,-1597.50,1024,0,0.0000,0.3117
389,-1563.00,1024,0,0.0000,0.3108
390,-1585.00,1024,0,0.0000,0.3098
391,-1586.75,1024,0,0.0000,0.3089
392,-1565.75,1024,0,0.0000,0.3080
393,-1588.25,1024,0,0.0000,0.3070
394,-1577.50,1024,0,0.0000,0.3061
395,-1586.75,1024,0,0.0000,0.3052
396,-1563.25,1024,0,0.0000,0.3043
397,-1573.50,1024,0,0.0000,0.3034
398,-1592.50,1024,0,0.0000,0.3025
399,-1581.25,1024,0,0.0000,0.3016
400,-528.75,435,1,0.0000,0.3007
401,-1574.75,1024,0,0.0000,0.2997
402,-1580.50,1024,0,0.0000,0.2989
403,-1577.00,1024,0,0.0000,0.2980
404,-1578.50,1024,0,0.0000,0.2971
405,-1604.25,1024,0,0.0000,0.2962
406,-1579.75,1024,0,0.0000,0.2953
407,-1588.75,1024,0,0.0000,0.2944
408,-1577.75,1024,0,0.0000,0.2935
409,-1594.75,1024,0,0.0000,0.2926
410,-1598.50,1024,0,0.0000,0.2918
411,-1606.50,1024,0,0.0000,0.2909
412,-1577.50,1024,0,0.0000,0.2900
413,-1580.75,1024,0,0.0000,0.2891
414,-1603.75,1024,0,0.0000,0.2883
415,-1579.75,1024,0,0.0000,0.2874
416,-1602.50,1024,0,0.0000,0.2865
417,-1585.25,1024,0,0.0000,0.2857
418,-1586.25,1024,0,0.0000,0.2848
419,-1591.75,1024,0,0.0000,0.2840
420,-1505.75,1024,0,0.0000,0.2831
421,-1605.75,1024,0,0.0000,0.2823
422,-1608.75,1024,0,0.0000,0.2814
423,-1592.25,1024,0,0.0000,0.2806
424,-1608.00,1024,0,0.0000,0.2797
425,-1605.25,1024,0,0.0000,0.2789
426,-395.75,361,1,0.0000,0.2781
427,-1581.50,1024,0,0.0000,0.2772
428,-1589.75,1024,0,0.0000,0.2764
429,-1590.50,1024,0,0.0000,0.2756
430,-1555.00,1024,0,0.0000,0.2747
431,-1586.00,1024,0,0.0000,0.2739
432,-1576.25,1024,0,0.0000,0.2731
433,-1593.50,1024,0,0.0000,0.2723
434,-383.25,355,1,0.0000,0.2715
435,-1576.50,1024,0,0.0000,0.2706
436,-1583.75,1024,0,0.0000,0.2698
437,-1598.50,1024,0,0.0000,0.2690
438,-1585.75,1024,0,0.0000,0.2682
439,-1592.00,1024,0,0.0000,0.2674
440,-1618.75,1024,0,0.0000,0.2666
441,-1569.50,1024,0,0.0000,0.2658
442,-1574.50,1024,0,0.0000,0.2650
443,-1606.75,1024,0,0.0000,0.2642
444,-1587.00,1024,0,0.0000,0.2634
445,-1600.00,1024,0,0.0000,0.2626
446,-1603.50,1024,0,0.0000,0.2618
447,-1588.75,1024,0,0.0000,0.2611
448,-1610.25,1024,0,0.0000,0.2603
449,-1614.75,1024,0,0.0000,0.2595
450,-1598.25,1024,0,0.0000,0.2587
451,-1600.75,1024,0,0.0000,0.2579
452,-1597.25,1024,0,0.0000,0.2572
453,-1590.25,1024,0,0.0000,0.2564
454,-1613.75,1024,0,0.0000,0.2556
455,-1577.25,1024,0,0.0000,0.2549
456,-1559.25,1024,0,0.0000,0.2541
457,-1603.00,1024,0,0.0000,0.2533
458,-1621.25,1024,0,0.0000,0.2526
459,-1600.50,1024,0,0.0000,0.2518
460,-1609.50,1024,0,0.0000,0.2511
461,-1599.75,1024,0,0.0000,0.2503
462,-1604.00,1024,0,0.0000,0.2496
463,-1586.75,1024,0,0.0000,0.2488
464,-1593.75,1024,0,0.0000,0.2481
465,-1627.25,1024,0,0.0000,0.2473
466,-1582.75,1024,0,0.0000,0.2466
467,-1599.75,1024,0,0.0000,0.2458
468,-1616.25,1024,0,0.0000,0.2451
469,-1612.50,1024,0,0.0000,0.2444
470,-1602.25,1024,0,0.0000,0.2436
471,-1615.25,1024,0,0.0000,0.2429
472,-1629.00,1024,0,0.0000,0.2422
473,-1562.75,1024,0,0.0000,0.2414
474,-1605.25,1024,0,0.0000,0.2407
475,-1630.75,1024,0,0.0000,0.2400
476,-1588.00,1024,0,0.0000,0.2393
477,-1625.75,1024,0,0.0000,0.2386
478,-1611.50,1024,0,0.0000,0.2378
479,-1622.50,1024,0,0.0000,0.2371
480,-1621.25,1024,0,0.0000,0.2364
481,-1606.50,1024,0,0.0000,0.2357
482,-1599.00,1024,0,0.0000,0.2350
483,-1596.75,1024,0,0.0000,0.2343
484,-1635.25,1024,0,0.0000,0.2336
485,-1623.25,1024,0,0.0000,0.2329
486,-1631.75,1024,0,0.0000,0.2322
487,-1615.00,1024,0,0.0000,0.2315
488,-1600.50,1024,0,0.0000,0.2308
489,-1610.25,1024,0,0.0000,0.2301
490,-1621.00,1024,0,0.0000,0.2294
491,-1605.50,1024,0,0.0000,0.2287
492,-1559.50,1024,0,0.0000,0.2280
493,-1626.25,1024,0,0.0000,0.2274
494,-1577.00,1024,0,0.0000,0.2267
495,-1612.25,1024,0,0.0000,0.2260
496,-1616.50,1024,0,0.0000,0.2253
497,-1629.75,1024,0,0.0000,0.2246
498,-1610.75,1024,0,0.0000,0.2240
499,-1618.00,1024,0,0.0000,0.2233
500,-1625.25,1024,0,0.0000,0.2226
501,-1167.75,849,1,0.1754,0.2220
502,-1666.00,1024,0,0.0567,0.2213
503,40.25,62,1,0.0397,0.2206
504,-1358.75,1024,0,0.0378,0.2200
505,-755.00,663,1,0.0406,0.2193
506,-1362.75,1024,0,0.0367,0.2187
507,-42.50,142,1,0.0353,0.2180
508,-1348.00,1024,0,0.0417,0.2173
509,-1262.00,1024,0,0.0461,0.2167
510,-1244.75,1024,0,0.0451,0.2160
511,-987.50,888,1,0.0543,0.2154
512,22.00,94,1,0.0469,0.2147
513,73.75,44,1,0.0469,0.2141
514,-946.50,838,1,0.0571,0.2135
515,-45.50,163,1,0.0505,0.2128
516,21.75,110,1,0.0423,0.2122
517,8.75,128,1,0.0565,0.2115
518,-168.50,277,1,0.1019,0.2109
519,50.50,74,1,0.0594,0.2103
520,-149.25,238,1,0.0542,0.2096
521,78.00,33,1,0.0403,0.2090
522,34.75,91,1,0.0577,0.2084
523,-140.50,233,1,0.0525,0.2078
524,-272.50,314,1,0.0998,0.2071
525,-22.00,132,1,0.0523,0.2065
526,-400.00,432,1,0.0746,0.2059
527,-241.00,323,1,0.0977,0.2053
528,-162.00,247,1,0.0727,0.2047
529,47.50,64,1,0.0639,0.2041
530,-245.50,305,1,0.1005,0.2034
531,-83.75,164,1,0.1118,0.2028
532,40.00,81,1,0.0672,0.2022
533,48.50,65,1,0.0807,0.2016
534,34.75,73,1,0.0753,0.2010
535,77.75,33,1,0.0491,0.2004
536,32.00,81,1,0.0760,0.1998
537,-81.25,169,1,0.1696,0.1992
538,-87.00,172,1,0.0940,0.1986
539,48.50,60,1,0.1575,0.1980
540,-217.75,273,1,0.1036,0.1974
541,-729.00,701,1,0.1006,0.1968
542,71.00,46,1,0.0979,0.1962
543,10.25,93,1,0.0796,0.1956
544,-523.25,538,1,0.0921,0.1951
545,58.75,54,1,0.1958,0.1945
546,53.75,71,1,0.1246,0.1939
547,71.75,53,1,0.1276,0.1933
548,-173.00,244,1,0.0687,0.1927
549,-201.00,291,1,0.1381,0.1922
550,-343.75,375,1,0.1002,0.1916
551,-327.75,380,1,0.1211,0.1910
552,1.25,99,1,0.0912,0.1904
553,-136.25,243,1,0.1354,0.1899
554,34.75,85,1,0.1197,0.1893
555,39.25,77,1,0.1046,0.1887
556,18.50,90,1,0.0966,0.1882
557,9.00,101,1,0.1316,0.1876
558,73.50,44,1,0.0735,0.1870
559,-82.25,162,1,0.1623,0.1865
560,41.25,76,1,0.1367,0.1859
561,-252.50,267,1,0.1355,0.1853
562,-40.75,144,1,0.1216,0.1848
563,-9.25,95,1,0.2548,0.1842
564,-95.75,148,1,0.1613,0.1837
565,42.00,73,1,0.1103,0.1831
566,-353.50,340,1,0.1431,0.1826
567,65.50,60,1,0.1653,0.1820
568,-68.75,164,1,0.1552,0.1815
569,37.50,92,1,0.2132,0.1809
570,79.00,30,1,0.2260,0.1804
571,-207.00,291,1,0.1267,0.1799
572,-359.00,389,1,0.1237,0.1793
573,-154.50,227,1,0.1990,0.1788
574,39.00,80,1,0.3156,0.1782
575,1.75,103,1,0.1688,0.1777
576,59.25,54,1,0.2398,0.1772
577,68.25,54,1,0.0729,0.1766
578,62.50,57,1,0.1044,0.1761
579,78.25,37,1,0.1227,0.1756
580,24.25,99,1,0.1528,0.1751
581,36.50,93,1,0.1313,0.1745
582,66.50,49,1,0.2020,0.1740
583,66.00,46,1,0.1193,0.1735
584,77.00,36,1,0.2782,0.1730
585,75.25,39,1,0.1634,0.1725
586,76.75,35,1,0.2134,0.1719
587,62.00,62,1,0.2150,0.1714
588,65.25,48,1,0.1456,0.1709
589,69.25,46,1,0.1571,0.1704
590,78.50,34,1,0.1718,0.1699
591,52.25,62,1,0.1534,0.1694
592,34.75,79,1,0.1783,0.1689
593,61.75,58,1,0.1838,0.1684
594,78.50,32,1,0.1450,0.1679
595,23.75,86,1,0.2074,0.1673
596,65.50,51,1,0.2735,0.1668
597,77.50,36,1,0.2729,0.1663
598,72.50,41,1,0.0865,0.1658
599,11.00,99,1,0.2070,0.1653
600,56.00,60,1,0.2173,0.1649
601,-3.50,110,1,0.1883,0.1644
602,30.00,88,1,0.2809,0.1639
603,36.75,68,1,0.2698,0.1634
604,-43.75,149,1,0.1536,0.1629
605,31.50,88,1,0.1687,0.1624
606,-120.00,209,1,0.1565,0.1619
607,-68.00,154,1,0.1968,0.1614
608,-319.50,355,1,0.2320,0.1609
609,12.50,88,1,0.1925,0.1605
610,-41.00,147,1,0.2657,0.1600
611,-1193.75,1024,0,0.1889,0.1595
612,-40.25,147,1,0.1813,0.1590
613,-101.75,181,1,0.1947,0.1585
614,71.25,48,1,0.3481,0.1581
615,-159.00,239,1,0.2104,0.1576
616,-0.25,108,1,0.3188,0.1571
617,52.75,66,1,0.2695,0.1566
618,56.75,60,1,0.2503,0.1562
619,8.00,101,1,0.1672,0.1557
620,-1538.50,1024,0,0.2369,0.1552
621,5.25,108,1,0.2719,0.1548
622,-463.50,485,1,0.2288,0.1543
623,-1240.75,1024,0,0.2078,0.1538
624,-52.75,142,1,0.2803,0.1534
625,-328.00,366,1,0.2589,0.1529
626,16.25,82,1,0.2469,0.1525
627,-315.75,369,1,0.2514,0.1520
628,-43.00,152,1,0.2484,0.1516
629,-1454.25,1024,0,0.2623,0.1511
630,-1347.75,1024,0,0.2827,0.1506
631,-412.75,462,1,0.3370,0.1502
632,-1293.25,1024,0,0.3504,0.1497
633,5.50,103,1,0.3948,0.1493
634,18.00,88,1,0.3432,0.1488
635,3.25,107,1,0.4592,0.1484
636,63.50,56,1,0.4209,0.1480
637,76.50,38,1,0.4371,0.1475
638,43.00,69,1,0.3980,0.1471
639,15.25,96,1,0.3989,0.1466
640,57.00,62,1,0.4814,0.1462
641,37.00,80,1,0.4715,0.1457
642,-1320.00,1024,0,0.4241,0.1453
643,67.75,47,1,0.4815,0.1449
644,44.50,74,1,0.3972,0.1444
645,26.50,82,1,0.4905,0.1440
646,74.50,40,1,0.3675,0.1436
647,68.75,48,1,0.4682,0.1431
648,-1253.50,1024,0,0.3922,0.1427
649,-58.25,124,1,0.4342,0.1423
650,9.00,84,1,0.5015,0.1419
651,65.00,54,1,0.5362,0.1414
652,-30.75,125,1,0.4446,0.1410
653,1.50,103,1,0.5110,0.1406
654,-3.25,94,1,0.4306,0.1402
655,-34.75,111,1,0.3849,0.1397
656,-5.25,112,1,0.3525,0.1393
657,37.75,76,1,0.4236,0.1389
658,-25.25,111,1,0.5451,0.1385
659,70.75,45,1,0.4181,0.1381
660,47.25,66,1,0.3896,0.1377
661,-1312.50,1024,0,0.4163,0.1372
662,39.25,62,1,0.4211,0.1368
663,-27.50,112,1,0.4218,0.1364
664,-9.75,102,1,0.4127,0.1360
665,-40.25,113,1,0.4563,0.1356
666,-238.00,231,1,0.3909,0.1352
667,42.50,59,1,0.4923,0.1348
668,57.25,52,1,0.3105,0.1344
669,-150.25,177,1,0.4368,0.1340
670,49.50,55,1,0.4593,0.1336
671,-70.25,136,1,0.4018,0.1332
672,72.75,44,1,0.5965,0.1328
673,37.50,64,1,0.4319,0.1324
674,58.75,55,1,0.4786,0.1320
675,33.25,74,1,0.3251,0.1316
676,59.00,50,1,0.3620,0.1312
677,54.25,53,1,0.5393,0.1308
678,-56.00,137,1,0.4512,0.1304
679,63.50,48,1,0.5560,0.1300
680,13.00,89,1,0.4344,0.1296
681,-57.25,137,1,0.3851,0.1292
682,-1305.25,1024,0,0.4322,0.1289
683,-12.50,113,1,0.4311,0.1285
684,77.50,33,1,0.6786,0.1281
685,-192.75,253,1,0.5268,0.1277
686,33.75,77,1,0.4516,0.1273
687,58.75,58,1,0.7391,0.1269
688,77.50,39,1,0.4455,0.1266
689,-79.50,132,1,0.4937,0.1262
690,76.00,39,1,0.5331,0.1258
691,68.50,43,1,0.4385,0.1254
692,65.00,49,1,0.4421,0.1250
693,-67.75,150,1,0.3899,0.1247
694,61.25,46,1,0.5161,0.1243
695,77.50,36,1,0.3453,0.1239
696,78.50,32,1,0.5195,0.1235
697,71.25,47,1,0.6521,0.1232
698,66.75,45,1,0.5568,0.1228
699,77.50,36,1,0.2767,0.1224
700,-35.25,119,1,0.4947,0.1221
701,52.00,61,1,0.4297,0.1217
702,23.25,81,1,0.3924,0.1213
703,76.75,35,1,0.4319,0.1210
704,76.25,35,1,0.2916,0.1206
705,58.00,53,1,0.4846,0.1203
706,75.25,37,1,0.6688,0.1199
707,78.75,32,1,0.7752,0.1195
708,76.00,41,1,0.8475,0.1192
709,-456.00,470,1,0.5506,0.1188
710,-186.75,255,1,0.6115,0.1185
711,-340.50,367,1,0.5052,0.1181
712,77.50,37,1,0.7396,0.1177
713,-496.50,475,1,0.5617,0.1174
714,-31.25,125,1,0.5004,0.1170
715,79.00,30,1,0.5070,0.1167
716,78.00,33,1,0.4114,0.1163
717,-74.50,157,1,0.5592,0.1160
718,-43.50,143,1,0.5711,0.1156
719,78.50,32,1,0.5443,0.1153
720,77.50,32,1,0.5960,0.1150
721,78.25,34,1,0.4259,0.1146
722,48.00,57,1,0.6740,0.1143
723,77.25,38,1,0.4304,0.1139
724,-1598.00,1024,0,0.5776,0.1136
725,77.50,35,1,1.2435,0.1132
726,59.00,52,1,1.0136,0.1129
727,77.00,35,1,1.0096,0.1126
728,77.00,35,1,0.7830,0.1122
729,75.75,40,1,0.7140,0.1119
730,76.25,38,1,0.5345,0.1115
731,78.50,32,1,0.6356,0.1112
732,69.50,43,1,0.7563,0.1109
733,77.50,37,1,0.5168,0.1105
734,77.75,33,1,0.5565,0.1102
735,78.50,32,1,0.5978,0.1099
736,61.00,54,1,0.5026,0.1096
737,69.75,44,1,0.6857,0.1092
738,78.25,31,1,0.4648,0.1089
739,69.25,46,1,0.5610,0.1086
740,78.25,31,1,0.5497,0.1082
741,78.00,33,1,0.3359,0.1079
742,78.00,34,1,0.6784,0.1076
743,77.50,34,1,0.7415,0.1073
744,77.00,36,1,0.6799,0.1070
745,9.75,101,1,0.4973,0.1066
746,-2.75,109,1,0.6969,0.1063
747,75.50,38,1,0.5669,0.1060
748,40.25,73,1,0.6921,0.1057
749,-11.50,109,1,0.5563,0.1054
750,-119.75,200,1,0.5515,0.1050
751,63.00,52,1,0.9020,0.1047
752,1.75,100,1,0.6689,0.1044
753,73.25,39,1,0.5589,0.1041
754,-45.25,138,1,0.4757,0.1038
755,22.75,84,1,0.4933,0.1035
756,-201.75,270,1,0.5620,0.1032
757,-477.00,474,1,0.5380,0.1029
758,45.00,68,1,0.4806,0.1025
759,0.25,102,1,0.5249,0.1022
760,-94.75,168,1,0.5496,0.1019
761,-171.25,224,1,0.5482,0.1016
762,26.25,81,1,0.4063,0.1013
763,75.50,36,1,0.4702,0.1010
764,38.00,66,1,0.4992,0.1007
765,77.75,32,1,0.6913,0.1004
766,75.25,36,1,0.5357,0.1001
767,79.00,30,1,0.6330,0.0998
768,77.00,34,1,0.6438,0.0995
769,78.50,32,1,0.6794,0.0992
770,79.00,30,1,0.5605,0.0989
771,79.00,30,1,1.0619,0.0986
772,79.00,30,1,0.5565,0.0983
773,77.00,37,1,0.5706,0.0980
774,44.00,65,1,0.6340,0.0977
775,78.25,34,1,0.4499,0.0974
776,77.50,34,1,0.5954,0.0972
777,79.00,32,1,0.6586,0.0969
778,79.00,30,1,0.8128,0.0966
779,67.25,43,1,0.5328,0.0963
780,77.75,33,1,0.2630,0.0960
781,79.00,30,1,0.4095,0.0957
782,77.50,34,1,0.5261,0.0954
783,75.75,39,1,0.3792,0.0951
784,78.75,32,1,0.4783,0.0948
785,78.25,31,1,0.6095,0.0946
786,34.75,72,1,0.6354,0.0943
787,74.25,38,1,0.6897,0.0940
788,60.25,51,1,0.6760,0.0937
789,78.75,32,1,0.4784,0.0934
790,78.25,31,1,0.3880,0.0931
791,70.75,44,1,0.6383,0.0929
792,78.25,31,1,0.5321,0.0926
793,79.00,30,1,0.6443,0.0923
794,78.25,31,1,0.7038,0.0920
795,56.75,53,1,0.6825,0.0918
796,44.75,62,1,0.6095,0.0915
797,75.00,40,1,0.5434,0.0912
798,78.25,31,1,0.4828,0.0909
799,78.75,32,1,0.5000,0.0907
800,72.25,43,1,0.4949,0.0904
801,78.50,32,1,0.6217,0.0901
802,46.50,56,1,0.5393,0.0898
803,57.00,44,1,0.5250,0.0896
804,77.00,37,1,0.7698,0.0893
805,78.25,31,1,0.5977,0.0890
806,52.00,50,1,0.6920,0.0888
807,36.25,57,1,0.5723,0.0885
808,76.00,38,1,0.5862,0.0882
809,55.75,57,1,0.5429,0.0880
810,76.25,35,1,0.5276,0.0877
811,68.00,40,1,0.7448,0.0875
812,77.50,35,1,0.5253,0.0872
813,76.50,33,1,0.4458,0.0869
814,57.25,45,1,0.4835,0.0867
815,78.25,31,1,0.4771,0.0864
816,78.00,34,1,0.6418,0.0861
817,76.75,34,1,0.4559,0.0859
818,77.25,34,1,0.4100,0.0856
819,60.25,44,1,0.3991,0.0854
820,77.50,32,1,0.8244,0.0851
821,50.00,50,1,0.4576,0.0849
822,58.25,46,1,0.5204,0.0846
823,78.75,32,1,0.6340,0.0844
824,78.50,32,1,0.7254,0.0841
825,78.25,31,1,0.5395,0.0839
826,77.25,39,1,0.5455,0.0836
827,78.00,33,1,0.6053,0.0833
828,49.75,51,1,0.6308,0.0831
829,16.75,72,1,0.7379,0.0828
830,61.75,43,1,0.6380,0.0826
831,77.25,36,1,0.4071,0.0824
832,67.00,41,1,0.6419,0.0821
833,77.50,34,1,0.7166,0.0819
834,77.75,34,1,0.8095,0.0816
835,72.75,39,1,0.6956,0.0814
836,51.75,47,1,0.4858,0.0811
837,79.00,30,1,0.6813,0.0809
838,78.25,31,1,0.7155,0.0806
839,14.00,71,1,0.6333,0.0804
840,53.75,55,1,0.5923,0.0802
841,78.00,33,1,0.7193,0.0799
842,79.00,30,1,0.6781,0.0797
843,78.50,32,1,0.5329,0.0794
844,57.25,50,1,0.5456,0.0792
845,-38.75,135,1,0.5147,0.0790
846,66.00,40,1,0.3513,0.0787
847,3.50,91,1,0.4890,0.0785
848,79.00,30,1,0.5689,0.0783
849,79.00,30,1,0.4893,0.0780
850,78.25,31,1,0.8742,0.0778
851,76.50,35,1,0.4275,0.0775
852,48.00,58,1,0.6399,0.0773
853,77.25,37,1,0.6339,0.0771
854,76.75,37,1,0.4456,0.0769
855,78.00,34,1,0.4812,0.0766
856,70.75,44,1,0.4820,0.0764
857,77.75,33,1,0.6121,0.0762
858,76.75,33,1,0.3690,0.0759
859,78.25,31,1,0.6815,0.0757
860,77.25,35,1,0.6152,0.0755
861,78.50,32,1,0.3825,0.0753
862,65.25,46,1,0.5410,0.0750
863,79.00,30,1,0.7079,0.0748
864,54.25,61,1,0.4237,0.0746
865,23.25,82,1,0.5370,0.0744
866,-1.50,100,1,0.7312,0.0741
867,-276.75,326,1,0.5770,0.0739
868,-107.50,180,1,0.4445,0.0737
869,-175.75,215,1,0.5460,0.0735
870,-183.75,225,1,0.4517,0.0732
871,-272.00,317,1,0.5028,0.0730
872,-204.75,272,1,0.5322,0.0728
873,-58.00,149,1,0.6276,0.0726
874,-81.00,167,1,0.4961,0.0724
875,33.75,72,1,0.6217,0.0722
876,78.75,32,1,0.4235,0.0719
877,-4.50,106,1,0.4914,0.0717
878,79.00,30,1,0.5271,0.0715
879,78.00,33,1,0.4506,0.0713
880,-148.50,214,1,0.5067,0.0711
881,-53.75,149,1,0.5022,0.0709
882,57.50,54,1,0.4654,0.0707
883,45.25,62,1,0.4883,0.0704
884,76.00,33,1,0.7303,0.0702
885,78.50,32,1,0.4340,0.0700
886,67.50,46,1,0.3452,0.0698
887,28.50,79,1,0.4058,0.0696
888,77.75,33,1,0.5286,0.0694
889,78.75,32,1,0.2113,0.0692
890,77.25,35,1,0.3923,0.0690
891,77.75,33,1,0.3195,0.0688
892,77.00,36,1,0.6603,0.0686
893,77.50,32,1,0.8400,0.0684
894,77.50,35,1,0.5963,0.0682
895,78.00,33,1,0.4954,0.0679
896,79.00,30,1,0.5200,0.0677
897,78.00,33,1,0.5768,0.0675
898,78.75,32,1,0.3088,0.0673
899,78.00,33,1,0.4338,0.0671
900,69.50,38,1,0.4879,0.0669
901,78.25,31,1,0.5010,0.0667
902,78.25,36,1,0.5273,0.0665
903,79.00,30,1,0.4142,0.0663
904,49.75,52,1,0.5177,0.0661
905,78.75,32,1,0.6320,0.0659
906,77.00,34,1,0.5477,0.0657
907,78.25,31,1,0.6733,0.0655
908,77.50,35,1,0.3190,0.0653
909,79.00,30,1,0.5444,0.0651
910,78.25,34,1,0.4764,0.0650
911,79.00,32,1,0.4278,0.0648
912,77.75,33,1,0.4259,0.0646
913,63.25,46,1,0.4592,0.0644
914,79.00,30,1,0.3630,0.0642
915,78.25,36,1,0.5383,0.0640
916,76.50,36,1,0.5334,0.0638
917,78.25,31,1,0.6403,0.0636
918,79.00,30,1,0.6492,0.0634
919,78.50,32,1,0.5433,0.0632
920,78.25,31,1,0.6523,0.0630
921,79.00,30,1,0.4848,0.0628
922,78.00,36,1,0.4520,0.0627
923,78.75,36,1,0.3684,0.0625
924,79.00,30,1,0.4892,0.0623
925,78.25,31,1,0.7547,0.0621
926,56.25,50,1,0.6164,0.0619
927,78.25,35,1,0.5147,0.0617
928,79.00,32,1,0.5921,0.0615
929,79.00,34,1,0.5090,0.0613
930,78.75,36,1,0.4548,0.0612
931,78.25,33,1,0.5294,0.0610
932,79.00,32,1,0.4487,0.0608
933,78.50,34,1,0.5677,0.0606
934,77.50,34,1,0.4063,0.0604
935,78.00,37,1,0.5965,0.0603
936,78.50,32,1,0.5199,0.0601
937,77.75,35,1,0.6912,0.0599
938,77.25,36,1,0.4255,0.0597
939,79.00,32,1,0.4482,0.0595
940,65.25,50,1,0.4239,0.0594
941,78.25,31,1,0.6843,0.0592
942,77.50,36,1,0.4415,0.0590
943,79.00,30,1,0.3501,0.0588
944,78.00,37,1,0.4939,0.0586
945,78.25,31,1,0.4243,0.0585
946,78.00,37,1,0.4842,0.0583
947,77.00,36,1,0.4265,0.0581
948,78.25,31,1,0.4306,0.0579
949,79.00,32,1,0.4663,0.0578
950,76.75,42,1,0.6361,0.0576
951,79.00,34,1,0.2932,0.0574
952,79.00,32,1,0.5576,0.0573
953,77.50,34,1,0.5351,0.0571
954,78.50,34,1,0.5102,0.0569
955,78.00,36,1,0.7950,0.0567
956,78.50,32,1,0.5570,0.0566
957,78.25,35,1,0.6305,0.0564
958,79.00,34,1,0.5974,0.0562
959,79.00,32,1,0.5632,0.0561
960,70.00,45,1,0.4144,0.0559
961,77.25,37,1,0.5258,0.0557
962,77.75,37,1,0.5152,0.0556
963,59.25,54,1,0.4806,0.0554
964,78.50,36,1,0.4995,0.0552
965,76.00,36,1,0.4270,0.0551
966,76.75,35,1,0.3450,0.0549
967,79.00,32,1,0.4229,0.0547
968,78.50,36,1,0.3983,0.0546
969,78.25,33,1,0.3935,0.0544
970,78.25,33,1,0.3342,0.0542
971,78.00,36,1,0.2962,0.0541
972,78.25,33,1,0.3639,0.0539
973,79.00,30,1,0.5130,0.0538
974,78.25,33,1,0.5537,0.0536
975,78.50,34,1,0.3827,0.0534
976,77.25,37,1,0.4258,0.0533
977,79.00,30,1,0.4391,0.0531
978,79.00,30,1,0.3048,0.0529
979,79.00,32,1,0.4251,0.0528
980,78.25,33,1,0.4780,0.0526
981,78.25,33,1,0.5202,0.0525
982,78.50,34,1,0.3109,0.0523
983,78.75,34,1,0.4752,0.0522
984,77.75,35,1,0.3434,0.0520
985,78.25,33,1,0.5095,0.0518
986,77.50,34,1,0.5636,0.0517
987,79.00,34,1,0.5977,0.0515
988,79.00,32,1,0.5160,0.0514
989,79.00,34,1,0.3687,0.0512
990,76.75,36,1,0.4405,0.0511
991,78.25,33,1,0.5242,0.0509
992,79.00,32,1,0.2872,0.0508
993,78.50,34,1,0.3655,0.0506
994,76.75,38,1,0.4067,0.0505
995,79.00,32,1,0.5759,0.0503
996,79.00,34,1,0.4368,0.0502
997,77.00,37,1,0.2838,0.0500
998,79.00,32,1,0.5112,0.0500
999,79.00,34,1,0.4869,0.0500
1000,73.25,41,1,0.4463,0.0500
1001,79.00,30,1,0.3539,0.0500
1002,79.00,34,1,0.4606,0.0500
1003,78.25,35,1,0.4213,0.0500
1004,77.75,39,1,0.2727,0.0500
1005,78.50,34,1,0.4105,0.0500
1006,79.00,30,1,0.3026,0.0500
1007,78.75,34,1,0.3194,0.0500
1008,76.75,38,1,0.3945,0.0500
1009,78.25,31,1,0.3064,0.0500
1010,78.25,33,1,0.3594,0.0500
1011,77.50,36,1,0.3740,0.0500
1012,77.50,34,1,0.3956,0.0500
1013,78.25,36,1,0.4859,0.0500
1014,78.50,36,1,0.3509,0.0500
1015,77.50,34,1,0.3820,0.0500
1016,79.00,32,1,0.5083,0.0500
1017,77.75,35,1,0.4600,0.0500
1018,78.50,34,1,0.6179,0.0500
1019,79.00,32,1,0.3024,0.0500
1020,79.00,34,1,0.5838,0.0500
1021,79.00,32,1,0.3412,0.0500
1022,78.75,36,1,0.4902,0.0500
1023,76.00,38,1,0.3398,0.0500
1024,65.50,49,1,0.4098,0.0500
1025,79.00,34,1,0.3605,0.0500
1026,78.25,35,1,0.4005,0.0500
1027,79.00,34,1,0.4597,0.0500
1028,78.50,36,1,0.3490,0.0500
1029,77.75,39,1,0.3664,0.0500
1030,78.25,33,1,0.3628,0.0500
1031,78.75,36,1,0.3806,0.0500
1032,79.00,32,1,0.3766,0.0500
1033,78.25,35,1,0.3286,0.0500
1034,77.50,34,1,0.2434,0.0500
1035,78.75,34,1,0.3669,0.0500
1036,79.00,32,1,0.2039,0.0500
1037,78.75,34,1,0.2505,0.0500
1038,78.00,35,1,0.4207,0.0500
1039,79.00,32,1,0.3333,0.0500
1040,78.50,34,1,0.3097,0.0500
1041,77.00,36,1,0.4218,0.0500
1042,79.00,30,1,0.7040,0.0500
1043,79.00,30,1,0.2740,0.0500
1044,78.25,34,1,0.5540,0.0500
1045,79.00,32,1,0.4446,0.0500
1046,79.00,30,1,0.4267,0.0500
1047,77.75,33,1,0.2586,0.0500
1048,76.25,35,1,0.3505,0.0500
1049,76.75,34,1,0.3174,0.0500
1050,78.50,36,1,0.2690,0.0500
1051,78.25,34,1,0.3123,0.0500
1052,77.75,33,1,0.3113,0.0500
1053,77.25,34,1,0.3703,0.0500
1054,78.25,31,1,0.3237,0.0500
1055,78.00,34,1,0.3524,0.0500
1056,78.25,33,1,0.3193,0.0500
1057,78.50,32,1,0.3086,0.0500
1058,77.25,36,1,0.5274,0.0500
1059,78.75,32,1,0.4835,0.0500
1060,77.75,38,1,0.4035,0.0500
1061,78.00,33,1,0.4013,0.0500
1062,79.00,30,1,0.3611,0.0500
1063,78.25,31,1,0.5184,0.0500
1064,77.50,32,1,0.6137,0.0500
1065,79.00,32,1,0.2205,0.0500
1066,77.50,32,1,0.2663,0.0500
1067,78.25,31,1,0.5220,0.0500
1068,77.00,34,1,0.3052,0.0500
1069,78.50,34,1,0.2594,0.0500
1070,79.00,30,1,0.3853,0.0500
1071,78.75,32,1,0.3455,0.0500
1072,77.25,35,1,0.3433,0.0500
1073,78.50,32,1,0.3844,0.0500
1074,78.75,32,1,0.2594,0.0500
1075,79.00,30,1,0.3720,0.0500
1076,78.00,34,1,0.3189,0.0500
1077,78.75,32,1,0.1868,0.0500
1078,79.00,30,1,0.1843,0.0500
1079,79.00,30,1,0.2153,0.0500
1080,78.50,32,1,0.2493,0.0500
1081,76.75,38,1,0.2144,0.0500
1082,79.00,30,1,0.2831,0.0500
1083,79.00,30,1,0.2498,0.0500
1084,79.00,30,1,0.4247,0.0500
1085,78.75,32,1,0.1844,0.0500
1086,77.00,34,1,0.2857,0.0500
1087,77.50,32,1,0.3161,0.0500
1088,77.75,33,1,0.3519,0.0500
1089,78.75,32,1,0.3323,0.0500
1090,77.00,39,1,0.2232,0.0500
1091,77.50,34,1,0.2268,0.0500
1092,79.00,30,1,0.4682,0.0500
1093,78.25,31,1,0.3187,0.0500
1094,79.00,30,1,0.2729,0.0500
1095,76.50,33,1,0.2304,0.0500
1096,78.50,32,1,0.4658,0.0500
1097,79.00,30,1,0.3660,0.0500
1098,79.00,30,1,0.3193,0.0500
1099,76.00,39,1,0.2422,0.0500
1100,78.25,36,1,0.2705,0.0500
1101,77.75,33,1,0.3075,0.0500
1102,78.75,32,1,0.3736,0.0500
1103,79.00,30,1,0.3634,0.0500
1104,79.00,30,1,0.3177,0.0500
1105,78.25,31,1,0.4873,0.0500
1106,77.50,32,1,0.3217,0.0500
1107,78.00,34,1,0.2940,0.0500
1108,79.00,30,1,0.4115,0.0500
1109,79.00,30,1,0.3709,0.0500
1110,78.50,32,1,0.3330,0.0500
1111,79.00,30,1,0.3122,0.0500
1112,79.00,30,1,0.2494,0.0500
1113,78.75,32,1,0.3459,0.0500
1114,79.00,30,1,0.2802,0.0500
1115,79.00,30,1,0.2590,0.0500
1116,79.00,30,1,0.6964,0.0500
1117,78.50,32,1,0.4008,0.0500
1118,78.50,32,1,0.2205,0.0500
1119,79.00,30,1,0.2880,0.0500
1120,77.50,32,1,0.2215,0.0500
1121,79.00,30,1,0.2188,0.0500
1122,78.50,32,1,0.2763,0.0500
1123,77.25,38,1,0.2153,0.0500
1124,77.50,33,1,0.2229,0.0500
1125,79.00,30,1,0.5899,0.0500
1126,77.75,33,1,0.3107,0.0500
1127,78.50,32,1,0.2481,0.0500
1128,78.50,32,1,0.2280,0.0500
1129,79.00,30,1,0.3914,0.0500
1130,77.50,32,1,0.1867,0.0500
1131,78.00,33,1,0.2447,0.0500
1132,78.25,31,1,0.2280,0.0500
1133,77.25,34,1,0.1823,0.0500
1134,78.25,31,1,0.2237,0.0500
1135,77.50,32,1,0.2384,0.0500
1136,78.50,32,1,0.2243,0.0500
1137,77.50,32,1,0.4008,0.0500
1138,78.75,32,1,0.2320,0.0500
1139,77.25,34,1,0.2445,0.0500
1140,79.00,30,1,0.2510,0.0500
1141,79.00,30,1,0.3015,0.0500
1142,77.75,33,1,0.2398,0.0500
1143,79.00,32,1,0.2466,0.0500
1144,79.00,30,1,0.2072,0.0500
1145,79.00,30,1,0.2161,0.0500
1146,78.25,31,1,0.2721,0.0500
1147,78.50,32,1,0.2025,0.0500
1148,78.75,32,1,0.3061,0.0500
1149,79.00,30,1,0.5918,0.0500
1150,77.50,35,1,0.2043,0.0500
1151,79.00,30,1,0.2579,0.0500
1152,79.00,30,1,0.2163,0.0500
1153,78.75,32,1,0.3097,0.0500
1154,78.25,31,1,0.2589,0.0500
1155,79.00,30,1,0.1882,0.0500
1156,79.00,30,1,0.3245,0.0500
1157,78.25,31,1,0.2838,0.0500
1158,78.50,32,1,0.2880,0.0500
1159,78.75,32,1,0.3410,0.0500
1160,78.25,34,1,0.3559,0.0500
1161,79.00,30,1,0.3046,0.0500
1162,78.50,34,1,0.2492,0.0500
1163,78.25,31,1,0.5431,0.0500
1164,77.50,34,1,0.2490,0.0500
1165,78.25,31,1,0.4825,0.0500
1166,78.75,32,1,0.1843,0.0500
1167,78.00,38,1,0.2471,0.0500
1168,79.00,30,1,0.3930,0.0500
1169,79.00,30,1,0.4233,0.0500
1170,78.25,34,1,0.3052,0.0500
1171,78.50,32,1,0.1733,0.0500
1172,79.00,30,1,0.2768,0.0500
1173,79.00,30,1,0.3033,0.0500
1174,78.25,31,1,0.3440,0.0500
1175,79.00,30,1,0.2104,0.0500
1176,77.50,32,1,0.2397,0.0500
1177,77.75,33,1,0.3345,0.0500
1178,78.50,34,1,0.2556,0.0500
1179,78.50,32,1,0.3963,0.0500
1180,78.25,31,1,0.1947,0.0500
1181,78.50,31,1,0.2411,0.0500
1182,77.00,36,1,0.3879,0.0500
1183,77.75,33,1,0.3215,0.0500
1184,78.50,32,1,0.3358,0.0500
1185,78.50,32,1,0.3274,0.0500
1186,78.25,33,1,0.2226,0.0500
1187,79.00,30,1,0.3113,0.0500
1188,79.00,30,1,0.2431,0.0500
1189,79.00,30,1,0.2520,0.0500
1190,79.00,30,1,0.3749,0.0500
1191,78.00,33,1,0.3064,0.0500
1192,78.25,31,1,0.4087,0.0500
1193,77.50,32,1,0.3668,0.0500
1194,79.00,30,1,0.3657,0.0500
1195,78.25,34,1,0.3305,0.0500
1196,79.00,30,1,0.2461,0.0500
1197,79.00,30,1,0.5298,0.0500
1198,79.00,30,1,0.1729,0.0500
1199,79.00,30,1,0.2937,0.0500
1200,78.75,32,1,0.3540,0.0500
1201,79.00,30,1,0.3143,0.0500
1202,79.00,30,1,0.2832,0.0500
1203,77.50,32,1,0.3718,0.0500
1204,78.50,34,1,0.2972,0.0500
1205,79.00,30,1,0.2237,0.0500
1206,78.25,31,1,0.3276,0.0500
1207,77.75,33,1,0.3232,0.0500
1208,79.00,30,1,0.4149,0.0500
1209,78.50,32,1,0.2973,0.0500
1210,78.25,31,1,0.1530,0.0500
1211,78.25,31,1,0.2116,0.0500
1212,79.00,30,1,0.2215,0.0500
1213,79.00,30,1,0.3932,0.0500
1214,78.25,31,1,0.2934,0.0500
1215,78.75,34,1,0.2635,0.0500
1216,78.50,32,1,0.3272,0.0500
1217,78.25,31,1,0.2786,0.0500
1218,78.25,31,1,0.3731,0.0500
1219,79.00,30,1,0.3624,0.0500
1220,78.00,33,1,0.1964,0.0500
1221,77.25,35,1,0.2653,0.0500
1222,79.00,30,1,0.2504,0.0500
1223,78.00,38,1,0.3160,0.0500
1224,78.25,31,1,0.2414,0.0500
1225,77.75,33,1,0.3118,0.0500
1226,78.50,32,1,0.1922,0.0500
1227,79.00,30,1,0.2805,0.0500
1228,78.50,32,1,0.2312,0.0500
1229,77.75,33,1,0.1794,0.0500
1230,79.00,30,1,0.2675,0.0500
1231,78.25,36,1,0.3645,0.0500
1232,79.00,30,1,0.4047,0.0500
1233,78.75,32,1,0.2785,0.0500
1234,78.25,31,1,0.4430,0.0500
1235,79.00,30,1,0.2159,0.0500
1236,79.00,32,1,0.2212,0.0500
1237,77.50,36,1,0.2192,0.0500
1238,79.00,30,1,0.2817,0.0500
1239,79.00,30,1,0.3968,0.0500
1240,78.25,38,1,0.1709,0.0500
1241,79.00,30,1,0.2130,0.0500
1242,77.25,37,1,0.2312,0.0500
1243,78.25,31,1,0.2436,0.0500
1244,79.00,30,1,0.2691,0.0500
1245,78.50,32,1,0.3120,0.0500
1246,77.75,33,1,0.2317,0.0500
1247,79.00,30,1,0.1788,0.0500
1248,79.00,30,1,0.1874,0.0500
1249,78.50,32,1,0.2664,0.0500
1250,78.25,31,1,0.2371,0.0500
1251,78.75,32,1,0.2293,0.0500
1252,78.25,31,1,0.2857,0.0500
1253,78.50,32,1,0.2987,0.0500
1254,79.00,30,1,0.1705,0.0500
1255,75.00,37,1,0.2349,0.0500
1256,79.00,30,1,0.2738,0.0500
1257,79.00,30,1,0.1672,0.0500
1258,79.00,30,1,0.2066,0.0500
1259,78.25,31,1,0.2903,0.0500
1260,78.00,33,1,0.3048,0.0500
1261,78.50,32,1,0.4294,0.0500
1262,79.00,30,1,0.2868,0.0500
1263,78.25,31,1,0.1981,0.0500
1264,77.75,33,1,0.2263,0.0500
1265,77.75,33,1,0.2345,0.0500
1266,78.75,32,1,0.2804,0.0500
1267,78.25,31,1,0.3118,0.0500
1268,79.00,30,1,0.2312,0.0500
1269,78.50,32,1,0.1813,0.0500
1270,78.25,31,1,0.2564,0.0500
1271,79.00,30,1,0.2386,0.0500
1272,77.75,35,1,0.3182,0.0500
1273,79.00,30,1,0.3738,0.0500
1274,78.25,31,1,0.2421,0.0500
1275,79.00,30,1,0.2134,0.0500
1276,78.50,32,1,0.1394,0.0500
1277,78.50,32,1,0.2604,0.0500
1278,77.50,32,1,0.2350,0.0500
1279,79.00,30,1,0.3855,0.0500
1280,77.25,34,1,0.2254,0.0500
1281,79.00,30,1,0.2747,0.0500
1282,78.50,32,1,0.2539,0.0500
1283,75.75,37,1,0.2587,0.0500
1284,77.75,33,1,0.4503,0.0500
1285,78.75,32,1,0.2787,0.0500
1286,79.00,30,1,0.3438,0.0500
1287,79.00,30,1,0.4309,0.0500
1288,79.00,30,1,0.2606,0.0500
1289,77.50,32,1,0.3310,0.0500
1290,77.25,35,1,0.2854,0.0500
1291,77.75,33,1,0.2103,0.0500
1292,76.50,33,1,0.1904,0.0500
1293,76.75,33,1,0.3204,0.0500
1294,78.25,33,1,0.2158,0.0500
1295,78.25,31,1,0.3026,0.0500
1296,77.25,34,1,0.3242,0.0500
1297,79.00,30,1,0.2997,0.0500
1298,78.50,32,1,0.3713,0.0500
1299,79.00,30,1,0.2563,0.0500
1300,79.00,30,1,0.3159,0.0500
1301,77.75,33,1,0.2661,0.0500
1302,78.00,33,1,0.2530,0.0500
1303,78.25,31,1,0.2664,0.0500
1304,77.75,33,1,0.3109,0.0500
1305,78.75,32,1,0.2598,0.0500
1306,79.00,30,1,0.2143,0.0500
1307,78.25,31,1,0.2232,0.0500
1308,77.75,35,1,0.2043,0.0500
1309,78.75,32,1,0.1201,0.0500
1310,79.00,30,1,0.2830,0.0500
1311,79.00,32,1,0.2652,0.0500
1312,78.50,32,1,0.2099,0.0500
1313,79.00,30,1,0.2594,0.0500
1314,79.00,30,1,0.3467,0.0500
1315,78.75,34,1,0.3554,0.0500
1316,77.75,33,1,0.1756,0.0500
1317,79.00,30,1,0.2870,0.0500
1318,78.50,32,1,0.2427,0.0500
1319,76.25,36,1,0.2665,0.0500
1320,77.50,32,1,0.2373,0.0500
1321,79.00,30,1,0.2259,0.0500
1322,78.00,33,1,0.1540,0.0500
1323,78.00,34,1,0.3237,0.0500
1324,78.00,34,1,0.3687,0.0500
1325,79.00,30,1,0.3675,0.0500
1326,78.50,31,1,0.2833,0.0500
1327,78.50,34,1,0.4199,0.0500
1328,78.75,32,1,0.1272,0.0500
1329,78.25,31,1,0.2480,0.0500
1330,77.50,32,1,0.2632,0.0500
1331,78.50,32,1,0.2354,0.0500
1332,78.50,32,1,0.2972,0.0500
1333,79.00,30,1,0.3441,0.0500
1334,77.50,33,1,0.4375,0.0500
1335,76.75,34,1,0.2521,0.0500
1336,79.00,30,1,0.2835,0.0500
1337,78.50,32,1,0.2408,0.0500
1338,78.25,34,1,0.3792,0.0500
1339,78.25,34,1,0.2464,0.0500
1340,79.00,30,1,0.1610,0.0500
1341,78.50,32,1,0.2410,0.0500
1342,78.25,34,1,0.2376,0.0500
1343,78.25,31,1,0.3267,0.0500
1344,78.75,32,1,0.3118,0.0500
1345,79.00,30,1,0.1508,0.0500
1346,79.00,30,1,0.3083,0.0500
1347,79.00,30,1,0.1210,0.0500
1348,77.75,33,1,0.1829,0.0500
1349,79.00,30,1,0.1945,0.0500
1350,78.25,31,1,0.4167,0.0500
1351,79.00,30,1,0.3389,0.0500
1352,78.50,32,1,0.2239,0.0500
1353,79.00,30,1,0.2302,0.0500
1354,77.75,35,1,0.4490,0.0500
1355,78.50,32,1,0.3208,0.0500
1356,79.00,30,1,0.2437,0.0500
1357,79.00,30,1,0.3687,0.0500
1358,78.25,33,1,0.2813,0.0500
1359,77.75,35,1,0.2640,0.0500
1360,-54.75,115,1,0.2756,0.0500
1361,78.50,32,1,0.1940,0.0500
1362,78.25,31,1,0.3038,0.0500
1363,78.75,32,1,0.2001,0.0500
1364,77.00,34,1,0.2944,0.0500
1365,79.00,30,1,0.3442,0.0500
1366,78.25,31,1,0.2133,0.0500
1367,77.75,33,1,0.3447,0.0500
1368,77.00,34,1,0.3295,0.0500
1369,79.00,30,1,0.2889,0.0500
1370,79.00,30,1,0.3171,0.0500
1371,78.25,31,1,0.1999,0.0500
1372,78.75,32,1,0.3934,0.0500
1373,79.00,30,1,0.2578,0.0500
1374,79.00,30,1,0.2151,0.0500
1375,78.50,32,1,0.2225,0.0500
1376,78.75,32,1,0.3200,0.0500
1377,77.50,32,1,0.2066,0.0500
1378,78.25,31,1,0.1560,0.0500
1379,78.50,32,1,0.2991,0.0500
1380,79.00,30,1,0.3519,0.0500
1381,78.25,34,1,0.2169,0.0500
1382,78.50,34,1,0.1989,0.0500
1383,79.00,30,1,0.2681,0.0500
1384,79.00,30,1,0.3326,0.0500
1385,78.50,32,1,0.2192,0.0500
1386,78.25,34,1,0.1800,0.0500
1387,79.00,30,1,0.2510,0.0500
1388,78.75,32,1,0.2876,0.0500
1389,79.00,30,1,0.2430,0.0500
1390,78.25,31,1,0.2476,0.0500
1391,79.00,30,1,0.2759,0.0500
1392,79.00,30,1,0.2712,0.0500
1393,79.00,30,1,0.3284,0.0500
1394,78.25,31,1,0.2602,0.0500
1395,77.50,32,1,0.2204,0.0500
1396,77.75,33,1,0.1857,0.0500
1397,79.00,30,1,0.1908,0.0500
1398,79.00,30,1,0.2665,0.0500
1399,76.00,36,1,0.3283,0.0500
1400,79.00,30,1,0.2814,0.0500
1401,79.00,30,1,0.2144,0.0500
1402,79.00,30,1,0.3060,0.0500
1403,78.50,32,1,0.2736,0.0500
1404,79.00,30,1,0.3034,0.0500
1405,78.50,31,1,0.2561,0.0500
1406,45.75,61,1,0.2710,0.0500
1407,79.00,30,1,0.2995,0.0500
1408,78.50,32,1,0.1426,0.0500
1409,79.00,30,1,0.3915,0.0500
1410,79.00,30,1,0.2169,0.0500
1411,79.00,30,1,0.2070,0.0500
1412,79.00,30,1,0.1670,0.0500
1413,79.00,30,1,0.2017,0.0500
1414,77.25,37,1,0.2245,0.0500
1415,78.25,36,1,0.2310,0.0500
1416,78.75,32,1,0.1931,0.0500
1417,77.75,32,1,0.2511,0.0500
1418,78.25,34,1,0.2700,0.0500
1419,78.50,32,1,0.2557,0.0500
1420,78.25,34,1,0.2046,0.0500
1421,78.50,32,1,0.2224,0.0500
1422,79.00,30,1,0.2039,0.0500
1423,78.25,31,1,0.1616,0.0500
1424,78.25,31,1,0.2459,0.0500
1425,78.25,31,1,0.3319,0.0500
1426,78.50,32,1,0.2440,0.0500
1427,77.75,33,1,0.2052,0.0500
1428,78.50,32,1,0.1848,0.0500
1429,78.25,31,1,0.3521,0.0500
1430,79.00,30,1,0.3062,0.0500
1431,78.25,31,1,0.4311,0.0500
1432,79.00,30,1,0.1618,0.0500
1433,79.00,30,1,0.2162,0.0500
1434,78.25,34,1,0.3702,0.0500
1435,79.00,30,1,0.1601,0.0500
1436,78.25,31,1,0.2336,0.0500
1437,79.00,30,1,0.2160,0.0500
1438,78.50,32,1,0.3212,0.0500
1439,78.25,33,1,0.2139,0.0500
1440,77.00,35,1,0.2406,0.0500
1441,79.00,30,1,0.1986,0.0500
1442,78.75,32,1,0.3113,0.0500
1443,79.00,30,1,0.2107,0.0500
1444,79.00,30,1,0.1991,0.0500
1445,79.00,30,1,0.1927,0.0500
1446,79.00,30,1,0.5136,0.0500
1447,79.00,30,1,0.2015,0.0500
1448,79.00,30,1,0.2707,0.0500
1449,77.00,34,1,0.2018,0.0500
1450,79.00,30,1,0.1340,0.0500
1451,78.25,31,1,0.1962,0.0500
1452,78.50,31,1,0.3012,0.0500
1453,78.75,32,1,0.1872,0.0500
1454,79.00,30,1,0.3213,0.0500
1455,78.50,32,1,0.3388,0.0500
1456,79.00,30,1,0.2395,0.0500
1457,79.00,30,1,0.2140,0.0500
1458,78.25,31,1,0.3732,0.0500
1459,77.75,33,1,0.1817,0.0500
1460,78.75,32,1,0.1811,0.0500
1461,79.00,30,1,0.2212,0.0500
1462,78.50,32,1,0.2681,0.0500
1463,78.75,32,1,0.4345,0.0500
1464,77.50,35,1,0.2114,0.0500
1465,79.00,30,1,0.2786,0.0500
1466,79.00,30,1,0.2863,0.0500
1467,79.00,30,1,0.2013,0.0500
1468,74.00,43,1,0.3351,0.0500
1469,78.25,34,1,0.1795,0.0500
1470,79.00,30,1,0.2360,0.0500
1471,78.50,32,1,0.1855,0.0500
1472,78.25,31,1,0.1768,0.0500
1473,78.00,33,1,0.2283,0.0500
1474,78.25,33,1,0.2330,0.0500
1475,79.00,32,1,0.2263,0.0500
1476,79.00,30,1,0.1576,0.0500
1477,78.25,33,1,0.2969,0.0500
1478,77.75,33,1,0.2315,0.0500
1479,78.50,32,1,0.2881,0.0500
1480,79.00,32,1,0.3861,0.0500
1481,78.25,31,1,0.4206,0.0500
1482,77.75,33,1,0.2115,0.0500
1483,79.00,30,1,0.1642,0.0500
1484,78.25,31,1,0.2269,0.0500
1485,78.25,34,1,0.2607,0.0500
1486,78.50,32,1,0.2759,0.0500
1487,79.00,30,1,0.2159,0.0500
1488,77.50,35,1,0.2011,0.0500
1489,79.00,30,1,0.1912,0.0500
1490,79.00,30,1,0.1630,0.0500
1491,77.50,32,1,0.3371,0.0500
1492,78.75,32,1,0.2587,0.0500
1493,78.00,34,1,0.3105,0.0500
1494,78.25,31,1,0.1964,0.0500
1495,78.25,31,1,0.2874,0.0500
1496,79.00,30,1,0.2100,0.0500
1497,78.50,32,1,0.2129,0.0500
1498,78.25,31,1,0.2927,0.0500
1499,77.50,35,1,0.1966,0.0500
1500,78.25,34,1,0.3509,0.0500
